,id_start,id_end,distance
0,1001400,1001402,9.7
1,1001400,1001404,29.9
2,1001400,1001406,45.9
3,1001400,1001408,67.6
4,1001400,1001410,78.69999999999999
5,1001400,1001412,94.29999999999998
6,1001400,1001414,112.49999999999999
7,1001400,1001416,125.69999999999999
8,1001400,1001418,139.29999999999998
9,1001400,1001420,152.2
10,1001400,1001422,161.79999999999998
11,1001400,1001424,173.2
12,1001400,1001426,191.79999999999998
13,1001400,1001428,207.6
14,1001400,1001430,216.2
15,1001400,1001432,225.2
16,1001400,1001434,233.1
17,1001400,1001436,237.1
18,1001400,1001436,237.1
19,1001400,1001438,246.1
20,1001400,1001438,246.1
21,1001400,1001440,256.1
22,1001400,1001442,260.0
23,1001400,1001488,264.5
24,1001400,1004356,268.5
25,1001400,1004354,270.5
26,1001400,1004355,272.5
27,1001400,1001444,273.2
28,1001400,1001446,279.8
29,1001400,1001448,289.40000000000003
30,1001400,1001450,305.1
31,1001400,1001452,315.0
32,1001400,1001454,326.3
33,1001400,1001456,339.90000000000003
34,1001400,1001458,348.8
35,1001400,1001460,353.90000000000003
36,1001400,1001460,353.90000000000003
37,1001400,1001461,366.70000000000005
38,1001400,1001462,371.80000000000007
39,1001400,1001464,398.50000000000006
40,1001400,1001466,407.00000000000006
41,1001400,1001468,417.70000000000005
42,1001400,1001470,428.30000000000007
43,1001400,1001437,0.0
44,1001402,1001400,9.7
45,1001402,1001404,20.2
46,1001402,1001406,36.2
47,1001402,1001408,57.900000000000006
48,1001402,1001410,69.0
49,1001402,1001412,84.6
50,1001402,1001414,102.8
51,1001402,1001416,116.0
52,1001402,1001418,129.6
53,1001402,1001420,142.5
54,1001402,1001422,152.1
55,1001402,1001424,163.5
56,1001402,1001426,182.1
57,1001402,1001428,197.9
58,1001402,1001430,206.5
59,1001402,1001432,215.5
60,1001402,1001434,223.4
61,1001402,1001436,227.4
62,1001402,1001436,227.4
63,1001402,1001438,236.4
64,1001402,1001438,236.4
65,1001402,1001440,246.4
66,1001402,1001442,250.3
67,1001402,1001488,254.8
68,1001402,1004356,258.8
69,1001402,1004354,260.8
70,1001402,1004355,262.8
71,1001402,1001444,263.5
72,1001402,1001446,270.1
73,1001402,1001448,279.70000000000005
74,1001402,1001450,295.40000000000003
75,1001402,1001452,305.3
76,1001402,1001454,316.6
77,1001402,1001456,330.20000000000005
78,1001402,1001458,339.1
79,1001402,1001460,344.20000000000005
80,1001402,1001460,344.20000000000005
81,1001402,1001461,357.00000000000006
82,1001402,1001462,362.1000000000001
83,1001402,1001464,388.80000000000007
84,1001402,1001466,397.30000000000007
85,1001402,1001468,408.00000000000006
86,1001402,1001470,418.6000000000001
87,1001402,1001437,0.0
88,1001404,1001400,29.9
89,1001404,1001402,20.2
90,1001404,1001406,16.0
91,1001404,1001408,37.7
92,1001404,1001410,48.800000000000004
93,1001404,1001412,64.4
94,1001404,1001414,82.60000000000001
95,1001404,1001416,95.80000000000001
96,1001404,1001418,109.4
97,1001404,1001420,122.30000000000001
98,1001404,1001422,131.9
99,1001404,1001424,143.3
100,1001404,1001426,161.9
101,1001404,1001428,177.70000000000002
102,1001404,1001430,186.3
103,1001404,1001432,195.3
104,1001404,1001434,203.20000000000002
105,1001404,1001436,207.20000000000002
106,1001404,1001436,207.20000000000002
107,1001404,1001438,216.20000000000002
108,1001404,1001438,216.20000000000002
109,1001404,1001440,226.20000000000002
110,1001404,1001442,230.10000000000002
111,1001404,1001488,234.60000000000002
112,1001404,1004356,238.60000000000002
113,1001404,1004354,240.60000000000002
114,1001404,1004355,242.60000000000002
115,1001404,1001444,243.3
116,1001404,1001446,249.9
117,1001404,1001448,259.5
118,1001404,1001450,275.2
119,1001404,1001452,285.09999999999997
120,1001404,1001454,296.4
121,1001404,1001456,310.0
122,1001404,1001458,318.9
123,1001404,1001460,324.0
124,1001404,1001460,324.0
125,1001404,1001461,336.8
126,1001404,1001462,341.90000000000003
127,1001404,1001464,368.6
128,1001404,1001466,377.1
129,1001404,1001468,387.8
130,1001404,1001470,398.40000000000003
131,1001404,1001437,0.0
132,1001406,1001400,45.9
133,1001406,1001402,36.2
134,1001406,1001404,16.0
135,1001406,1001408,21.7
136,1001406,1001410,32.8
137,1001406,1001412,48.4
138,1001406,1001414,66.6
139,1001406,1001416,79.8
140,1001406,1001418,93.39999999999999
141,1001406,1001420,106.3
142,1001406,1001422,115.89999999999999
143,1001406,1001424,127.3
144,1001406,1001426,145.9
145,1001406,1001428,161.70000000000002
146,1001406,1001430,170.3
147,1001406,1001432,179.3
148,1001406,1001434,187.20000000000002
149,1001406,1001436,191.20000000000002
150,1001406,1001436,191.20000000000002
151,1001406,1001438,200.20000000000002
152,1001406,1001438,200.20000000000002
153,1001406,1001440,210.20000000000002
154,1001406,1001442,214.10000000000002
155,1001406,1001488,218.60000000000002
156,1001406,1004356,222.60000000000002
157,1001406,1004354,224.60000000000002
158,1001406,1004355,226.60000000000002
159,1001406,1001444,227.3
160,1001406,1001446,233.9
161,1001406,1001448,243.5
162,1001406,1001450,259.2
163,1001406,1001452,269.09999999999997
164,1001406,1001454,280.4
165,1001406,1001456,294.0
166,1001406,1001458,302.9
167,1001406,1001460,308.0
168,1001406,1001460,308.0
169,1001406,1001461,320.8
170,1001406,1001462,325.90000000000003
171,1001406,1001464,352.6
172,1001406,1001466,361.1
173,1001406,1001468,371.8
174,1001406,1001470,382.40000000000003
175,1001406,1001437,0.0
176,1001408,1001400,67.6
177,1001408,1001402,57.900000000000006
178,1001408,1001404,37.7
179,1001408,1001406,21.7
180,1001408,1001410,11.1
181,1001408,1001412,26.7
182,1001408,1001414,44.9
183,1001408,1001416,58.099999999999994
184,1001408,1001418,71.69999999999999
185,1001408,1001420,84.6
186,1001408,1001422,94.19999999999999
187,1001408,1001424,105.6
188,1001408,1001426,124.19999999999999
189,1001408,1001428,140.0
190,1001408,1001430,148.6
191,1001408,1001432,157.6
192,1001408,1001434,165.5
193,1001408,1001436,169.5
194,1001408,1001436,169.5
195,1001408,1001438,178.5
196,1001408,1001438,178.5
197,1001408,1001440,188.5
198,1001408,1001442,192.4
199,1001408,1001488,196.9
200,1001408,1004356,200.9
201,1001408,1004354,202.9
202,1001408,1004355,204.9
203,1001408,1001444,205.6
204,1001408,1001446,212.2
205,1001408,1001448,221.79999999999998
206,1001408,1001450,237.49999999999997
207,1001408,1001452,247.39999999999998
208,1001408,1001454,258.7
209,1001408,1001456,272.3
210,1001408,1001458,281.2
211,1001408,1001460,286.3
212,1001408,1001460,286.3
213,1001408,1001461,299.1
214,1001408,1001462,304.20000000000005
215,1001408,1001464,330.90000000000003
216,1001408,1001466,339.40000000000003
217,1001408,1001468,350.1
218,1001408,1001470,360.70000000000005
219,1001408,1001437,0.0
220,1001410,1001400,78.69999999999999
221,1001410,1001402,69.0
222,1001410,1001404,48.800000000000004
223,1001410,1001406,32.8
224,1001410,1001408,11.1
225,1001410,1001412,15.6
226,1001410,1001414,33.8
227,1001410,1001416,47.0
228,1001410,1001418,60.6
229,1001410,1001420,73.5
230,1001410,1001422,83.1
231,1001410,1001424,94.5
232,1001410,1001426,113.1
233,1001410,1001428,128.9
234,1001410,1001430,137.5
235,1001410,1001432,146.5
236,1001410,1001434,154.4
237,1001410,1001436,158.4
238,1001410,1001436,158.4
239,1001410,1001438,167.4
240,1001410,1001438,167.4
241,1001410,1001440,177.4
242,1001410,1001442,181.3
243,1001410,1001488,185.8
244,1001410,1004356,189.8
245,1001410,1004354,191.8
246,1001410,1004355,193.8
247,1001410,1001444,194.5
248,1001410,1001446,201.1
249,1001410,1001448,210.7
250,1001410,1001450,226.39999999999998
251,1001410,1001452,236.29999999999998
252,1001410,1001454,247.6
253,1001410,1001456,261.2
254,1001410,1001458,270.09999999999997
255,1001410,1001460,275.2
256,1001410,1001460,275.2
257,1001410,1001461,288.0
258,1001410,1001462,293.1
259,1001410,1001464,319.8
260,1001410,1001466,328.3
261,1001410,1001468,339.0
262,1001410,1001470,349.6
263,1001410,1001437,0.0
264,1001412,1001400,94.29999999999998
265,1001412,1001402,84.6
266,1001412,1001404,64.4
267,1001412,1001406,48.4
268,1001412,1001408,26.7
269,1001412,1001410,15.6
270,1001412,1001414,18.2
271,1001412,1001416,31.4
272,1001412,1001418,45.0
273,1001412,1001420,57.9
274,1001412,1001422,67.5
275,1001412,1001424,78.9
276,1001412,1001426,97.5
277,1001412,1001428,113.3
278,1001412,1001430,121.89999999999999
279,1001412,1001432,130.89999999999998
280,1001412,1001434,138.79999999999998
281,1001412,1001436,142.79999999999998
282,1001412,1001436,142.79999999999998
283,1001412,1001438,151.79999999999998
284,1001412,1001438,151.79999999999998
285,1001412,1001440,161.79999999999998
286,1001412,1001442,165.7
287,1001412,1001488,170.2
288,1001412,1004356,174.2
289,1001412,1004354,176.2
290,1001412,1004355,178.2
291,1001412,1001444,178.89999999999998
292,1001412,1001446,185.49999999999997
293,1001412,1001448,195.09999999999997
294,1001412,1001450,210.79999999999995
295,1001412,1001452,220.69999999999996
296,1001412,1001454,231.99999999999997
297,1001412,1001456,245.59999999999997
298,1001412,1001458,254.49999999999997
299,1001412,1001460,259.59999999999997
300,1001412,1001460,259.59999999999997
301,1001412,1001461,272.4
302,1001412,1001462,277.5
303,1001412,1001464,304.2
304,1001412,1001466,312.7
305,1001412,1001468,323.4
306,1001412,1001470,334.0
307,1001412,1001437,0.0
308,1001414,1001400,112.49999999999999
309,1001414,1001402,102.8
310,1001414,1001404,82.60000000000001
311,1001414,1001406,66.6
312,1001414,1001408,44.9
313,1001414,1001410,33.8
314,1001414,1001412,18.2
315,1001414,1001416,13.2
316,1001414,1001418,26.799999999999997
317,1001414,1001420,39.699999999999996
318,1001414,1001422,49.3
319,1001414,1001424,60.699999999999996
320,1001414,1001426,79.3
321,1001414,1001428,95.1
322,1001414,1001430,103.69999999999999
323,1001414,1001432,112.69999999999999
324,1001414,1001434,120.6
325,1001414,1001436,124.6
326,1001414,1001436,124.6
327,1001414,1001438,133.6
328,1001414,1001438,133.6
329,1001414,1001440,143.6
330,1001414,1001442,147.5
331,1001414,1001488,152.0
332,1001414,1004356,156.0
333,1001414,1004354,158.0
334,1001414,1004355,160.0
335,1001414,1001444,160.7
336,1001414,1001446,167.29999999999998
337,1001414,1001448,176.89999999999998
338,1001414,1001450,192.59999999999997
339,1001414,1001452,202.49999999999997
340,1001414,1001454,213.79999999999998
341,1001414,1001456,227.39999999999998
342,1001414,1001458,236.29999999999998
343,1001414,1001460,241.39999999999998
344,1001414,1001460,241.39999999999998
345,1001414,1001461,254.2
346,1001414,1001462,259.3
347,1001414,1001464,286.0
348,1001414,1001466,294.5
349,1001414,1001468,305.2
350,1001414,1001470,315.8
351,1001414,1001437,0.0
352,1001416,1001400,125.69999999999999
353,1001416,1001402,116.0
354,1001416,1001404,95.80000000000001
355,1001416,1001406,79.8
356,1001416,1001408,58.099999999999994
357,1001416,1001410,47.0
358,1001416,1001412,31.4
359,1001416,1001414,13.2
360,1001416,1001418,13.6
361,1001416,1001420,26.5
362,1001416,1001422,36.1
363,1001416,1001424,47.5
364,1001416,1001426,66.1
365,1001416,1001428,81.89999999999999
366,1001416,1001430,90.49999999999999
367,1001416,1001432,99.49999999999999
368,1001416,1001434,107.39999999999999
369,1001416,1001436,111.39999999999999
370,1001416,1001436,111.39999999999999
371,1001416,1001438,120.39999999999999
372,1001416,1001438,120.39999999999999
373,1001416,1001440,130.39999999999998
374,1001416,1001442,134.29999999999998
375,1001416,1001488,138.79999999999998
376,1001416,1004356,142.79999999999998
377,1001416,1004354,144.79999999999998
378,1001416,1004355,146.79999999999998
379,1001416,1001444,147.49999999999997
380,1001416,1001446,154.09999999999997
381,1001416,1001448,163.69999999999996
382,1001416,1001450,179.39999999999995
383,1001416,1001452,189.29999999999995
384,1001416,1001454,200.59999999999997
385,1001416,1001456,214.19999999999996
386,1001416,1001458,223.09999999999997
387,1001416,1001460,228.19999999999996
388,1001416,1001460,228.19999999999996
389,1001416,1001461,240.99999999999997
390,1001416,1001462,246.09999999999997
391,1001416,1001464,272.79999999999995
392,1001416,1001466,281.29999999999995
393,1001416,1001468,291.99999999999994
394,1001416,1001470,302.59999999999997
395,1001416,1001437,0.0
396,1001418,1001400,139.29999999999998
397,1001418,1001402,129.6
398,1001418,1001404,109.4
399,1001418,1001406,93.39999999999999
400,1001418,1001408,71.69999999999999
401,1001418,1001410,60.6
402,1001418,1001412,45.0
403,1001418,1001414,26.799999999999997
404,1001418,1001416,13.6
405,1001418,1001420,12.9
406,1001418,1001422,22.5
407,1001418,1001424,33.9
408,1001418,1001426,52.5
409,1001418,1001428,68.3
410,1001418,1001430,76.89999999999999
411,1001418,1001432,85.89999999999999
412,1001418,1001434,93.8
413,1001418,1001436,97.8
414,1001418,1001436,97.8
415,1001418,1001438,106.8
416,1001418,1001438,106.8
417,1001418,1001440,116.8
418,1001418,1001442,120.7
419,1001418,1001488,125.2
420,1001418,1004356,129.2
421,1001418,1004354,131.2
422,1001418,1004355,133.2
423,1001418,1001444,133.89999999999998
424,1001418,1001446,140.49999999999997
425,1001418,1001448,150.09999999999997
426,1001418,1001450,165.79999999999995
427,1001418,1001452,175.69999999999996
428,1001418,1001454,186.99999999999997
429,1001418,1001456,200.59999999999997
430,1001418,1001458,209.49999999999997
431,1001418,1001460,214.59999999999997
432,1001418,1001460,214.59999999999997
433,1001418,1001461,227.39999999999998
434,1001418,1001462,232.49999999999997
435,1001418,1001464,259.2
436,1001418,1001466,267.7
437,1001418,1001468,278.4
438,1001418,1001470,289.0
439,1001418,1001437,0.0
440,1001420,1001400,152.2
441,1001420,1001402,142.5
442,1001420,1001404,122.30000000000001
443,1001420,1001406,106.3
444,1001420,1001408,84.6
445,1001420,1001410,73.5
446,1001420,1001412,57.9
447,1001420,1001414,39.699999999999996
448,1001420,1001416,26.5
449,1001420,1001418,12.9
450,1001420,1001422,9.6
451,1001420,1001424,21.0
452,1001420,1001426,39.6
453,1001420,1001428,55.400000000000006
454,1001420,1001430,64.0
455,1001420,1001432,73.0
456,1001420,1001434,80.9
457,1001420,1001436,84.9
458,1001420,1001436,84.9
459,1001420,1001438,93.9
460,1001420,1001438,93.9
461,1001420,1001440,103.9
462,1001420,1001442,107.80000000000001
463,1001420,1001488,112.30000000000001
464,1001420,1004356,116.30000000000001
465,1001420,1004354,118.30000000000001
466,1001420,1004355,120.30000000000001
467,1001420,1001444,121.00000000000001
468,1001420,1001446,127.60000000000001
469,1001420,1001448,137.20000000000002
470,1001420,1001450,152.9
471,1001420,1001452,162.8
472,1001420,1001454,174.10000000000002
473,1001420,1001456,187.70000000000002
474,1001420,1001458,196.60000000000002
475,1001420,1001460,201.70000000000002
476,1001420,1001460,201.70000000000002
477,1001420,1001461,214.50000000000003
478,1001420,1001462,219.60000000000002
479,1001420,1001464,246.3
480,1001420,1001466,254.8
481,1001420,1001468,265.5
482,1001420,1001470,276.1
483,1001420,1001437,0.0
484,1001422,1001400,161.79999999999998
485,1001422,1001402,152.1
486,1001422,1001404,131.9
487,1001422,1001406,115.89999999999999
488,1001422,1001408,94.19999999999999
489,1001422,1001410,83.1
490,1001422,1001412,67.5
491,1001422,1001414,49.3
492,1001422,1001416,36.1
493,1001422,1001418,22.5
494,1001422,1001420,9.6
495,1001422,1001424,11.4
496,1001422,1001426,30.0
497,1001422,1001428,45.8
498,1001422,1001430,54.4
499,1001422,1001432,63.4
500,1001422,1001434,71.3
501,1001422,1001436,75.3
502,1001422,1001436,75.3
503,1001422,1001438,84.3
504,1001422,1001438,84.3
505,1001422,1001440,94.3
506,1001422,1001442,98.2
507,1001422,1001488,102.7
508,1001422,1004356,106.7
509,1001422,1004354,108.7
510,1001422,1004355,110.7
511,1001422,1001444,111.4
512,1001422,1001446,118.0
513,1001422,1001448,127.6
514,1001422,1001450,143.29999999999998
515,1001422,1001452,153.2
516,1001422,1001454,164.5
517,1001422,1001456,178.1
518,1001422,1001458,187.0
519,1001422,1001460,192.1
520,1001422,1001460,192.1
521,1001422,1001461,204.9
522,1001422,1001462,210.0
523,1001422,1001464,236.7
524,1001422,1001466,245.2
525,1001422,1001468,255.89999999999998
526,1001422,1001470,266.5
527,1001422,1001437,0.0
528,1001424,1001400,173.2
529,1001424,1001402,163.5
530,1001424,1001404,143.3
531,1001424,1001406,127.3
532,1001424,1001408,105.6
533,1001424,1001410,94.5
534,1001424,1001412,78.9
535,1001424,1001414,60.699999999999996
536,1001424,1001416,47.5
537,1001424,1001418,33.9
538,1001424,1001420,21.0
539,1001424,1001422,11.4
540,1001424,1001426,18.6
541,1001424,1001428,34.400000000000006
542,1001424,1001430,43.00000000000001
543,1001424,1001432,52.00000000000001
544,1001424,1001434,59.900000000000006
545,1001424,1001436,63.900000000000006
546,1001424,1001436,63.900000000000006
547,1001424,1001438,72.9
548,1001424,1001438,72.9
549,1001424,1001440,82.9
550,1001424,1001442,86.80000000000001
551,1001424,1001488,91.30000000000001
552,1001424,1004356,95.30000000000001
553,1001424,1004354,97.30000000000001
554,1001424,1004355,99.30000000000001
555,1001424,1001444,100.00000000000001
556,1001424,1001446,106.60000000000001
557,1001424,1001448,116.2
558,1001424,1001450,131.9
559,1001424,1001452,141.8
560,1001424,1001454,153.10000000000002
561,1001424,1001456,166.70000000000002
562,1001424,1001458,175.60000000000002
563,1001424,1001460,180.70000000000002
564,1001424,1001460,180.70000000000002
565,1001424,1001461,193.50000000000003
566,1001424,1001462,198.60000000000002
567,1001424,1001464,225.3
568,1001424,1001466,233.8
569,1001424,1001468,244.5
570,1001424,1001470,255.1
571,1001424,1001437,0.0
572,1001426,1001400,191.79999999999998
573,1001426,1001402,182.1
574,1001426,1001404,161.9
575,1001426,1001406,145.9
576,1001426,1001408,124.19999999999999
577,1001426,1001410,113.1
578,1001426,1001412,97.5
579,1001426,1001414,79.3
580,1001426,1001416,66.1
581,1001426,1001418,52.5
582,1001426,1001420,39.6
583,1001426,1001422,30.0
584,1001426,1001424,18.6
585,1001426,1001428,15.8
586,1001426,1001430,24.4
587,1001426,1001432,33.4
588,1001426,1001434,41.3
589,1001426,1001436,45.3
590,1001426,1001436,45.3
591,1001426,1001438,54.3
592,1001426,1001438,54.3
593,1001426,1001440,64.3
594,1001426,1001442,68.2
595,1001426,1001488,72.7
596,1001426,1004356,76.7
597,1001426,1004354,78.7
598,1001426,1004355,80.7
599,1001426,1001444,81.4
600,1001426,1001446,88.0
601,1001426,1001448,97.6
602,1001426,1001450,113.3
603,1001426,1001452,123.2
604,1001426,1001454,134.5
605,1001426,1001456,148.1
606,1001426,1001458,157.0
607,1001426,1001460,162.1
608,1001426,1001460,162.1
609,1001426,1001461,174.9
610,1001426,1001462,180.0
611,1001426,1001464,206.7
612,1001426,1001466,215.2
613,1001426,1001468,225.89999999999998
614,1001426,1001470,236.49999999999997
615,1001426,1001437,0.0
616,1001428,1001400,207.6
617,1001428,1001402,197.9
618,1001428,1001404,177.70000000000002
619,1001428,1001406,161.70000000000002
620,1001428,1001408,140.0
621,1001428,1001410,128.9
622,1001428,1001412,113.3
623,1001428,1001414,95.1
624,1001428,1001416,81.89999999999999
625,1001428,1001418,68.3
626,1001428,1001420,55.400000000000006
627,1001428,1001422,45.8
628,1001428,1001424,34.400000000000006
629,1001428,1001426,15.8
630,1001428,1001430,8.6
631,1001428,1001432,17.6
632,1001428,1001434,25.5
633,1001428,1001436,29.5
634,1001428,1001436,29.5
635,1001428,1001438,38.5
636,1001428,1001438,38.5
637,1001428,1001440,48.5
638,1001428,1001442,52.4
639,1001428,1001488,56.9
640,1001428,1004356,60.9
641,1001428,1004354,62.9
642,1001428,1004355,64.9
643,1001428,1001444,65.60000000000001
644,1001428,1001446,72.2
645,1001428,1001448,81.8
646,1001428,1001450,97.5
647,1001428,1001452,107.4
648,1001428,1001454,118.7
649,1001428,1001456,132.3
650,1001428,1001458,141.20000000000002
651,1001428,1001460,146.3
652,1001428,1001460,146.3
653,1001428,1001461,159.10000000000002
654,1001428,1001462,164.20000000000002
655,1001428,1001464,190.9
656,1001428,1001466,199.4
657,1001428,1001468,210.1
658,1001428,1001470,220.7
659,1001428,1001437,0.0
660,1001430,1001400,216.2
661,1001430,1001402,206.5
662,1001430,1001404,186.3
663,1001430,1001406,170.3
664,1001430,1001408,148.6
665,1001430,1001410,137.5
666,1001430,1001412,121.89999999999999
667,1001430,1001414,103.69999999999999
668,1001430,1001416,90.49999999999999
669,1001430,1001418,76.89999999999999
670,1001430,1001420,64.0
671,1001430,1001422,54.4
672,1001430,1001424,43.00000000000001
673,1001430,1001426,24.4
674,1001430,1001428,8.6
675,1001430,1001432,9.0
676,1001430,1001434,16.9
677,1001430,1001436,20.9
678,1001430,1001436,20.9
679,1001430,1001438,29.9
680,1001430,1001438,29.9
681,1001430,1001440,39.9
682,1001430,1001442,43.8
683,1001430,1001488,48.3
684,1001430,1004356,52.3
685,1001430,1004354,54.3
686,1001430,1004355,56.3
687,1001430,1001444,57.0
688,1001430,1001446,63.6
689,1001430,1001448,73.2
690,1001430,1001450,88.9
691,1001430,1001452,98.80000000000001
692,1001430,1001454,110.10000000000001
693,1001430,1001456,123.7
694,1001430,1001458,132.6
695,1001430,1001460,137.7
696,1001430,1001460,137.7
697,1001430,1001461,150.5
698,1001430,1001462,155.6
699,1001430,1001464,182.29999999999998
700,1001430,1001466,190.79999999999998
701,1001430,1001468,201.49999999999997
702,1001430,1001470,212.09999999999997
703,1001430,1001437,0.0
704,1001432,1001400,225.2
705,1001432,1001402,215.5
706,1001432,1001404,195.3
707,1001432,1001406,179.3
708,1001432,1001408,157.6
709,1001432,1001410,146.5
710,1001432,1001412,130.89999999999998
711,1001432,1001414,112.69999999999999
712,1001432,1001416,99.49999999999999
713,1001432,1001418,85.89999999999999
714,1001432,1001420,73.0
715,1001432,1001422,63.4
716,1001432,1001424,52.00000000000001
717,1001432,1001426,33.4
718,1001432,1001428,17.6
719,1001432,1001430,9.0
720,1001432,1001434,7.9
721,1001432,1001436,11.9
722,1001432,1001436,11.9
723,1001432,1001438,20.9
724,1001432,1001438,20.9
725,1001432,1001440,30.9
726,1001432,1001442,34.8
727,1001432,1001488,39.3
728,1001432,1004356,43.3
729,1001432,1004354,45.3
730,1001432,1004355,47.3
731,1001432,1001444,48.0
732,1001432,1001446,54.6
733,1001432,1001448,64.2
734,1001432,1001450,79.9
735,1001432,1001452,89.80000000000001
736,1001432,1001454,101.10000000000001
737,1001432,1001456,114.7
738,1001432,1001458,123.60000000000001
739,1001432,1001460,128.70000000000002
740,1001432,1001460,128.70000000000002
741,1001432,1001461,141.50000000000003
742,1001432,1001462,146.60000000000002
743,1001432,1001464,173.3
744,1001432,1001466,181.8
745,1001432,1001468,192.5
746,1001432,1001470,203.1
747,1001432,1001437,0.0
748,1001434,1001400,233.1
749,1001434,1001402,223.4
750,1001434,1001404,203.20000000000002
751,1001434,1001406,187.20000000000002
752,1001434,1001408,165.5
753,1001434,1001410,154.4
754,1001434,1001412,138.79999999999998
755,1001434,1001414,120.6
756,1001434,1001416,107.39999999999999
757,1001434,1001418,93.8
758,1001434,1001420,80.9
759,1001434,1001422,71.3
760,1001434,1001424,59.900000000000006
761,1001434,1001426,41.3
762,1001434,1001428,25.5
763,1001434,1001430,16.9
764,1001434,1001432,7.9
765,1001434,1001436,4.0
766,1001434,1001436,4.0
767,1001434,1001438,13.0
768,1001434,1001438,13.0
769,1001434,1001440,23.0
770,1001434,1001442,26.9
771,1001434,1001488,31.4
772,1001434,1004356,35.4
773,1001434,1004354,37.4
774,1001434,1004355,39.4
775,1001434,1001444,40.1
776,1001434,1001446,46.7
777,1001434,1001448,56.300000000000004
778,1001434,1001450,72.0
779,1001434,1001452,81.9
780,1001434,1001454,93.2
781,1001434,1001456,106.8
782,1001434,1001458,115.7
783,1001434,1001460,120.8
784,1001434,1001460,120.8
785,1001434,1001461,133.6
786,1001434,1001462,138.7
787,1001434,1001464,165.39999999999998
788,1001434,1001466,173.89999999999998
789,1001434,1001468,184.59999999999997
790,1001434,1001470,195.19999999999996
791,1001434,1001437,0.0
792,1001436,1001400,237.1
793,1001436,1001402,227.4
794,1001436,1001404,207.20000000000002
795,1001436,1001406,191.20000000000002
796,1001436,1001408,169.5
797,1001436,1001410,158.4
798,1001436,1001412,142.79999999999998
799,1001436,1001414,124.6
800,1001436,1001416,111.39999999999999
801,1001436,1001418,97.8
802,1001436,1001420,84.9
803,1001436,1001422,75.3
804,1001436,1001424,63.900000000000006
805,1001436,1001426,45.3
806,1001436,1001428,29.5
807,1001436,1001430,20.9
808,1001436,1001432,11.9
809,1001436,1001434,4.0
810,1001436,1001438,9.0
811,1001436,1001438,9.0
812,1001436,1001440,19.0
813,1001436,1001442,22.9
814,1001436,1001488,27.4
815,1001436,1004356,31.4
816,1001436,1004354,33.4
817,1001436,1004355,35.4
818,1001436,1001444,36.1
819,1001436,1001446,42.7
820,1001436,1001448,52.300000000000004
821,1001436,1001450,68.0
822,1001436,1001452,77.9
823,1001436,1001454,89.2
824,1001436,1001456,102.8
825,1001436,1001458,111.7
826,1001436,1001460,116.8
827,1001436,1001460,116.8
828,1001436,1001461,129.6
829,1001436,1001462,134.7
830,1001436,1001464,161.39999999999998
831,1001436,1001466,169.89999999999998
832,1001436,1001468,180.59999999999997
833,1001436,1001470,191.19999999999996
834,1001436,1001437,5.0
835,1001436,1001400,237.1
836,1001436,1001402,227.4
837,1001436,1001404,207.20000000000002
838,1001436,1001406,191.20000000000002
839,1001436,1001408,169.5
840,1001436,1001410,158.4
841,1001436,1001412,142.79999999999998
842,1001436,1001414,124.6
843,1001436,1001416,111.39999999999999
844,1001436,1001418,97.8
845,1001436,1001420,84.9
846,1001436,1001422,75.3
847,1001436,1001424,63.900000000000006
848,1001436,1001426,45.3
849,1001436,1001428,29.5
850,1001436,1001430,20.9
851,1001436,1001432,11.9
852,1001436,1001434,4.0
853,1001436,1001438,9.0
854,1001436,1001438,9.0
855,1001436,1001440,19.0
856,1001436,1001442,22.9
857,1001436,1001488,27.4
858,1001436,1004356,31.4
859,1001436,1004354,33.4
860,1001436,1004355,35.4
861,1001436,1001444,36.1
862,1001436,1001446,42.7
863,1001436,1001448,52.300000000000004
864,1001436,1001450,68.0
865,1001436,1001452,77.9
866,1001436,1001454,89.2
867,1001436,1001456,102.8
868,1001436,1001458,111.7
869,1001436,1001460,116.8
870,1001436,1001460,116.8
871,1001436,1001461,129.6
872,1001436,1001462,134.7
873,1001436,1001464,161.39999999999998
874,1001436,1001466,169.89999999999998
875,1001436,1001468,180.59999999999997
876,1001436,1001470,191.19999999999996
877,1001436,1001437,5.0
878,1001438,1001400,246.1
879,1001438,1001402,236.4
880,1001438,1001404,216.20000000000002
881,1001438,1001406,200.20000000000002
882,1001438,1001408,178.5
883,1001438,1001410,167.4
884,1001438,1001412,151.79999999999998
885,1001438,1001414,133.6
886,1001438,1001416,120.39999999999999
887,1001438,1001418,106.8
888,1001438,1001420,93.9
889,1001438,1001422,84.3
890,1001438,1001424,72.9
891,1001438,1001426,54.3
892,1001438,1001428,38.5
893,1001438,1001430,29.9
894,1001438,1001432,20.9
895,1001438,1001434,13.0
896,1001438,1001436,9.0
897,1001438,1001436,9.0
898,1001438,1001440,10.0
899,1001438,1001442,13.9
900,1001438,1001488,18.4
901,1001438,1004356,22.4
902,1001438,1004354,24.4
903,1001438,1004355,26.4
904,1001438,1001444,27.099999999999998
905,1001438,1001446,33.699999999999996
906,1001438,1001448,43.3
907,1001438,1001450,59.0
908,1001438,1001452,68.9
909,1001438,1001454,80.2
910,1001438,1001456,93.8
911,1001438,1001458,102.7
912,1001438,1001460,107.8
913,1001438,1001460,107.8
914,1001438,1001461,120.6
915,1001438,1001462,125.69999999999999
916,1001438,1001464,152.39999999999998
917,1001438,1001466,160.89999999999998
918,1001438,1001468,171.59999999999997
919,1001438,1001470,182.19999999999996
920,1001438,1001437,4.0
921,1001438,1001400,246.1
922,1001438,1001402,236.4
923,1001438,1001404,216.20000000000002
924,1001438,1001406,200.20000000000002
925,1001438,1001408,178.5
926,1001438,1001410,167.4
927,1001438,1001412,151.79999999999998
928,1001438,1001414,133.6
929,1001438,1001416,120.39999999999999
930,1001438,1001418,106.8
931,1001438,1001420,93.9
932,1001438,1001422,84.3
933,1001438,1001424,72.9
934,1001438,1001426,54.3
935,1001438,1001428,38.5
936,1001438,1001430,29.9
937,1001438,1001432,20.9
938,1001438,1001434,13.0
939,1001438,1001436,9.0
940,1001438,1001436,9.0
941,1001438,1001440,10.0
942,1001438,1001442,13.9
943,1001438,1001488,18.4
944,1001438,1004356,22.4
945,1001438,1004354,24.4
946,1001438,1004355,26.4
947,1001438,1001444,27.099999999999998
948,1001438,1001446,33.699999999999996
949,1001438,1001448,43.3
950,1001438,1001450,59.0
951,1001438,1001452,68.9
952,1001438,1001454,80.2
953,1001438,1001456,93.8
954,1001438,1001458,102.7
955,1001438,1001460,107.8
956,1001438,1001460,107.8
957,1001438,1001461,120.6
958,1001438,1001462,125.69999999999999
959,1001438,1001464,152.39999999999998
960,1001438,1001466,160.89999999999998
961,1001438,1001468,171.59999999999997
962,1001438,1001470,182.19999999999996
963,1001438,1001437,4.0
964,1001440,1001400,256.1
965,1001440,1001402,246.4
966,1001440,1001404,226.20000000000002
967,1001440,1001406,210.20000000000002
968,1001440,1001408,188.5
969,1001440,1001410,177.4
970,1001440,1001412,161.79999999999998
971,1001440,1001414,143.6
972,1001440,1001416,130.39999999999998
973,1001440,1001418,116.8
974,1001440,1001420,103.9
975,1001440,1001422,94.3
976,1001440,1001424,82.9
977,1001440,1001426,64.3
978,1001440,1001428,48.5
979,1001440,1001430,39.9
980,1001440,1001432,30.9
981,1001440,1001434,23.0
982,1001440,1001436,19.0
983,1001440,1001436,19.0
984,1001440,1001438,10.0
985,1001440,1001438,10.0
986,1001440,1001442,3.9
987,1001440,1001488,8.4
988,1001440,1004356,12.4
989,1001440,1004354,14.4
990,1001440,1004355,16.4
991,1001440,1001444,17.099999999999998
992,1001440,1001446,23.699999999999996
993,1001440,1001448,33.3
994,1001440,1001450,49.0
995,1001440,1001452,58.9
996,1001440,1001454,70.2
997,1001440,1001456,83.8
998,1001440,1001458,92.7
999,1001440,1001460,97.8
1000,1001440,1001460,97.8
1001,1001440,1001461,110.6
1002,1001440,1001462,115.69999999999999
1003,1001440,1001464,142.39999999999998
1004,1001440,1001466,150.89999999999998
1005,1001440,1001468,161.59999999999997
1006,1001440,1001470,172.19999999999996
1007,1001440,1001437,0.0
1008,1001442,1001400,260.0
1009,1001442,1001402,250.3
1010,1001442,1001404,230.10000000000002
1011,1001442,1001406,214.10000000000002
1012,1001442,1001408,192.4
1013,1001442,1001410,181.3
1014,1001442,1001412,165.7
1015,1001442,1001414,147.5
1016,1001442,1001416,134.29999999999998
1017,1001442,1001418,120.7
1018,1001442,1001420,107.80000000000001
1019,1001442,1001422,98.2
1020,1001442,1001424,86.80000000000001
1021,1001442,1001426,68.2
1022,1001442,1001428,52.4
1023,1001442,1001430,43.8
1024,1001442,1001432,34.8
1025,1001442,1001434,26.9
1026,1001442,1001436,22.9
1027,1001442,1001436,22.9
1028,1001442,1001438,13.9
1029,1001442,1001438,13.9
1030,1001442,1001440,3.9
1031,1001442,1001488,4.5
1032,1001442,1004356,8.5
1033,1001442,1004354,10.5
1034,1001442,1004355,12.5
1035,1001442,1001444,13.2
1036,1001442,1001446,19.799999999999997
1037,1001442,1001448,29.4
1038,1001442,1001450,45.099999999999994
1039,1001442,1001452,54.99999999999999
1040,1001442,1001454,66.3
1041,1001442,1001456,79.89999999999999
1042,1001442,1001458,88.8
1043,1001442,1001460,93.89999999999999
1044,1001442,1001460,93.89999999999999
1045,1001442,1001461,106.69999999999999
1046,1001442,1001462,111.79999999999998
1047,1001442,1001464,138.49999999999997
1048,1001442,1001466,146.99999999999997
1049,1001442,1001468,157.69999999999996
1050,1001442,1001470,168.29999999999995
1051,1001442,1001437,0.0
1052,1001488,1001400,264.5
1053,1001488,1001402,254.8
1054,1001488,1001404,234.60000000000002
1055,1001488,1001406,218.60000000000002
1056,1001488,1001408,196.9
1057,1001488,1001410,185.8
1058,1001488,1001412,170.2
1059,1001488,1001414,152.0
1060,1001488,1001416,138.79999999999998
1061,1001488,1001418,125.2
1062,1001488,1001420,112.30000000000001
1063,1001488,1001422,102.7
1064,1001488,1001424,91.30000000000001
1065,1001488,1001426,72.7
1066,1001488,1001428,56.9
1067,1001488,1001430,48.3
1068,1001488,1001432,39.3
1069,1001488,1001434,31.4
1070,1001488,1001436,27.4
1071,1001488,1001436,27.4
1072,1001488,1001438,18.4
1073,1001488,1001438,18.4
1074,1001488,1001440,8.4
1075,1001488,1001442,4.5
1076,1001488,1004356,4.0
1077,1001488,1004354,6.0
1078,1001488,1004355,8.0
1079,1001488,1001444,8.7
1080,1001488,1001446,15.299999999999999
1081,1001488,1001448,24.9
1082,1001488,1001450,40.599999999999994
1083,1001488,1001452,50.49999999999999
1084,1001488,1001454,61.8
1085,1001488,1001456,75.39999999999999
1086,1001488,1001458,84.3
1087,1001488,1001460,89.39999999999999
1088,1001488,1001460,89.39999999999999
1089,1001488,1001461,102.19999999999999
1090,1001488,1001462,107.29999999999998
1091,1001488,1001464,133.99999999999997
1092,1001488,1001466,142.49999999999997
1093,1001488,1001468,153.19999999999996
1094,1001488,1001470,163.79999999999995
1095,1001488,1001437,0.0
1096,1004356,1001400,268.5
1097,1004356,1001402,258.8
1098,1004356,1001404,238.60000000000002
1099,1004356,1001406,222.60000000000002
1100,1004356,1001408,200.9
1101,1004356,1001410,189.8
1102,1004356,1001412,174.2
1103,1004356,1001414,156.0
1104,1004356,1001416,142.79999999999998
1105,1004356,1001418,129.2
1106,1004356,1001420,116.30000000000001
1107,1004356,1001422,106.7
1108,1004356,1001424,95.30000000000001
1109,1004356,1001426,76.7
1110,1004356,1001428,60.9
1111,1004356,1001430,52.3
1112,1004356,1001432,43.3
1113,1004356,1001434,35.4
1114,1004356,1001436,31.4
1115,1004356,1001436,31.4
1116,1004356,1001438,22.4
1117,1004356,1001438,22.4
1118,1004356,1001440,12.4
1119,1004356,1001442,8.5
1120,1004356,1001488,4.0
1121,1004356,1004354,2.0
1122,1004356,1004355,4.0
1123,1004356,1001444,4.7
1124,1004356,1001446,11.3
1125,1004356,1001448,20.9
1126,1004356,1001450,36.599999999999994
1127,1004356,1001452,46.49999999999999
1128,1004356,1001454,57.8
1129,1004356,1001456,71.39999999999999
1130,1004356,1001458,80.3
1131,1004356,1001460,85.39999999999999
1132,1004356,1001460,85.39999999999999
1133,1004356,1001461,98.19999999999999
1134,1004356,1001462,103.29999999999998
1135,1004356,1001464,129.99999999999997
1136,1004356,1001466,138.49999999999997
1137,1004356,1001468,149.19999999999996
1138,1004356,1001470,159.79999999999995
1139,1004356,1001437,0.0
1140,1004354,1001400,270.5
1141,1004354,1001402,260.8
1142,1004354,1001404,240.60000000000002
1143,1004354,1001406,224.60000000000002
1144,1004354,1001408,202.9
1145,1004354,1001410,191.8
1146,1004354,1001412,176.2
1147,1004354,1001414,158.0
1148,1004354,1001416,144.79999999999998
1149,1004354,1001418,131.2
1150,1004354,1001420,118.30000000000001
1151,1004354,1001422,108.7
1152,1004354,1001424,97.30000000000001
1153,1004354,1001426,78.7
1154,1004354,1001428,62.9
1155,1004354,1001430,54.3
1156,1004354,1001432,45.3
1157,1004354,1001434,37.4
1158,1004354,1001436,33.4
1159,1004354,1001436,33.4
1160,1004354,1001438,24.4
1161,1004354,1001438,24.4
1162,1004354,1001440,14.4
1163,1004354,1001442,10.5
1164,1004354,1001488,6.0
1165,1004354,1004356,2.0
1166,1004354,1004355,2.0
1167,1004354,1001444,2.7
1168,1004354,1001446,9.3
1169,1004354,1001448,18.9
1170,1004354,1001450,34.599999999999994
1171,1004354,1001452,44.49999999999999
1172,1004354,1001454,55.8
1173,1004354,1001456,69.39999999999999
1174,1004354,1001458,78.3
1175,1004354,1001460,83.39999999999999
1176,1004354,1001460,83.39999999999999
1177,1004354,1001461,96.19999999999999
1178,1004354,1001462,101.29999999999998
1179,1004354,1001464,127.99999999999999
1180,1004354,1001466,136.5
1181,1004354,1001468,147.2
1182,1004354,1001470,157.79999999999998
1183,1004354,1001437,0.0
1184,1004355,1001400,272.5
1185,1004355,1001402,262.8
1186,1004355,1001404,242.60000000000002
1187,1004355,1001406,226.60000000000002
1188,1004355,1001408,204.9
1189,1004355,1001410,193.8
1190,1004355,1001412,178.2
1191,1004355,1001414,160.0
1192,1004355,1001416,146.79999999999998
1193,1004355,1001418,133.2
1194,1004355,1001420,120.30000000000001
1195,1004355,1001422,110.7
1196,1004355,1001424,99.30000000000001
1197,1004355,1001426,80.7
1198,1004355,1001428,64.9
1199,1004355,1001430,56.3
1200,1004355,1001432,47.3
1201,1004355,1001434,39.4
1202,1004355,1001436,35.4
1203,1004355,1001436,35.4
1204,1004355,1001438,26.4
1205,1004355,1001438,26.4
1206,1004355,1001440,16.4
1207,1004355,1001442,12.5
1208,1004355,1001488,8.0
1209,1004355,1004356,4.0
1210,1004355,1004354,2.0
1211,1004355,1001444,0.7
1212,1004355,1001446,7.3
1213,1004355,1001448,16.9
1214,1004355,1001450,32.599999999999994
1215,1004355,1001452,42.49999999999999
1216,1004355,1001454,53.8
1217,1004355,1001456,67.39999999999999
1218,1004355,1001458,76.3
1219,1004355,1001460,81.39999999999999
1220,1004355,1001460,81.39999999999999
1221,1004355,1001461,94.19999999999999
1222,1004355,1001462,99.29999999999998
1223,1004355,1001464,125.99999999999999
1224,1004355,1001466,134.5
1225,1004355,1001468,145.2
1226,1004355,1001470,155.79999999999998
1227,1004355,1001437,0.0
1228,1001444,1001400,273.2
1229,1001444,1001402,263.5
1230,1001444,1001404,243.3
1231,1001444,1001406,227.3
1232,1001444,1001408,205.6
1233,1001444,1001410,194.5
1234,1001444,1001412,178.89999999999998
1235,1001444,1001414,160.7
1236,1001444,1001416,147.49999999999997
1237,1001444,1001418,133.89999999999998
1238,1001444,1001420,121.00000000000001
1239,1001444,1001422,111.4
1240,1001444,1001424,100.00000000000001
1241,1001444,1001426,81.4
1242,1001444,1001428,65.60000000000001
1243,1001444,1001430,57.0
1244,1001444,1001432,48.0
1245,1001444,1001434,40.1
1246,1001444,1001436,36.1
1247,1001444,1001436,36.1
1248,1001444,1001438,27.099999999999998
1249,1001444,1001438,27.099999999999998
1250,1001444,1001440,17.099999999999998
1251,1001444,1001442,13.2
1252,1001444,1001488,8.7
1253,1001444,1004356,4.7
1254,1001444,1004354,2.7
1255,1001444,1004355,0.7
1256,1001444,1001446,6.6
1257,1001444,1001448,16.2
1258,1001444,1001450,31.9
1259,1001444,1001452,41.8
1260,1001444,1001454,53.099999999999994
1261,1001444,1001456,66.69999999999999
1262,1001444,1001458,75.6
1263,1001444,1001460,80.69999999999999
1264,1001444,1001460,80.69999999999999
1265,1001444,1001461,93.49999999999999
1266,1001444,1001462,98.59999999999998
1267,1001444,1001464,125.29999999999998
1268,1001444,1001466,133.79999999999998
1269,1001444,1001468,144.49999999999997
1270,1001444,1001470,155.09999999999997
1271,1001444,1001437,0.0
1272,1001446,1001400,279.8
1273,1001446,1001402,270.1
1274,1001446,1001404,249.9
1275,1001446,1001406,233.9
1276,1001446,1001408,212.2
1277,1001446,1001410,201.1
1278,1001446,1001412,185.49999999999997
1279,1001446,1001414,167.29999999999998
1280,1001446,1001416,154.09999999999997
1281,1001446,1001418,140.49999999999997
1282,1001446,1001420,127.60000000000001
1283,1001446,1001422,118.0
1284,1001446,1001424,106.60000000000001
1285,1001446,1001426,88.0
1286,1001446,1001428,72.2
1287,1001446,1001430,63.6
1288,1001446,1001432,54.6
1289,1001446,1001434,46.7
1290,1001446,1001436,42.7
1291,1001446,1001436,42.7
1292,1001446,1001438,33.699999999999996
1293,1001446,1001438,33.699999999999996
1294,1001446,1001440,23.699999999999996
1295,1001446,1001442,19.799999999999997
1296,1001446,1001488,15.299999999999999
1297,1001446,1004356,11.3
1298,1001446,1004354,9.3
1299,1001446,1004355,7.3
1300,1001446,1001444,6.6
1301,1001446,1001448,9.6
1302,1001446,1001450,25.299999999999997
1303,1001446,1001452,35.199999999999996
1304,1001446,1001454,46.5
1305,1001446,1001456,60.1
1306,1001446,1001458,69.0
1307,1001446,1001460,74.1
1308,1001446,1001460,74.1
1309,1001446,1001461,86.89999999999999
1310,1001446,1001462,91.99999999999999
1311,1001446,1001464,118.69999999999999
1312,1001446,1001466,127.19999999999999
1313,1001446,1001468,137.89999999999998
1314,1001446,1001470,148.49999999999997
1315,1001446,1001437,0.0
1316,1001448,1001400,289.40000000000003
1317,1001448,1001402,279.70000000000005
1318,1001448,1001404,259.5
1319,1001448,1001406,243.5
1320,1001448,1001408,221.79999999999998
1321,1001448,1001410,210.7
1322,1001448,1001412,195.09999999999997
1323,1001448,1001414,176.89999999999998
1324,1001448,1001416,163.69999999999996
1325,1001448,1001418,150.09999999999997
1326,1001448,1001420,137.20000000000002
1327,1001448,1001422,127.6
1328,1001448,1001424,116.2
1329,1001448,1001426,97.6
1330,1001448,1001428,81.8
1331,1001448,1001430,73.2
1332,1001448,1001432,64.2
1333,1001448,1001434,56.300000000000004
1334,1001448,1001436,52.300000000000004
1335,1001448,1001436,52.300000000000004
1336,1001448,1001438,43.3
1337,1001448,1001438,43.3
1338,1001448,1001440,33.3
1339,1001448,1001442,29.4
1340,1001448,1001488,24.9
1341,1001448,1004356,20.9
1342,1001448,1004354,18.9
1343,1001448,1004355,16.9
1344,1001448,1001444,16.2
1345,1001448,1001446,9.6
1346,1001448,1001450,15.7
1347,1001448,1001452,25.6
1348,1001448,1001454,36.900000000000006
1349,1001448,1001456,50.50000000000001
1350,1001448,1001458,59.400000000000006
1351,1001448,1001460,64.5
1352,1001448,1001460,64.5
1353,1001448,1001461,77.3
1354,1001448,1001462,82.39999999999999
1355,1001448,1001464,109.1
1356,1001448,1001466,117.6
1357,1001448,1001468,128.29999999999998
1358,1001448,1001470,138.89999999999998
1359,1001448,1001437,0.0
1360,1001450,1001400,305.1
1361,1001450,1001402,295.40000000000003
1362,1001450,1001404,275.2
1363,1001450,1001406,259.2
1364,1001450,1001408,237.49999999999997
1365,1001450,1001410,226.39999999999998
1366,1001450,1001412,210.79999999999995
1367,1001450,1001414,192.59999999999997
1368,1001450,1001416,179.39999999999995
1369,1001450,1001418,165.79999999999995
1370,1001450,1001420,152.9
1371,1001450,1001422,143.29999999999998
1372,1001450,1001424,131.9
1373,1001450,1001426,113.3
1374,1001450,1001428,97.5
1375,1001450,1001430,88.9
1376,1001450,1001432,79.9
1377,1001450,1001434,72.0
1378,1001450,1001436,68.0
1379,1001450,1001436,68.0
1380,1001450,1001438,59.0
1381,1001450,1001438,59.0
1382,1001450,1001440,49.0
1383,1001450,1001442,45.099999999999994
1384,1001450,1001488,40.599999999999994
1385,1001450,1004356,36.599999999999994
1386,1001450,1004354,34.599999999999994
1387,1001450,1004355,32.599999999999994
1388,1001450,1001444,31.9
1389,1001450,1001446,25.299999999999997
1390,1001450,1001448,15.7
1391,1001450,1001452,9.9
1392,1001450,1001454,21.200000000000003
1393,1001450,1001456,34.800000000000004
1394,1001450,1001458,43.7
1395,1001450,1001460,48.800000000000004
1396,1001450,1001460,48.800000000000004
1397,1001450,1001461,61.60000000000001
1398,1001450,1001462,66.7
1399,1001450,1001464,93.4
1400,1001450,1001466,101.9
1401,1001450,1001468,112.60000000000001
1402,1001450,1001470,123.2
1403,1001450,1001437,0.0
1404,1001452,1001400,315.0
1405,1001452,1001402,305.3
1406,1001452,1001404,285.09999999999997
1407,1001452,1001406,269.09999999999997
1408,1001452,1001408,247.39999999999998
1409,1001452,1001410,236.29999999999998
1410,1001452,1001412,220.69999999999996
1411,1001452,1001414,202.49999999999997
1412,1001452,1001416,189.29999999999995
1413,1001452,1001418,175.69999999999996
1414,1001452,1001420,162.8
1415,1001452,1001422,153.2
1416,1001452,1001424,141.8
1417,1001452,1001426,123.2
1418,1001452,1001428,107.4
1419,1001452,1001430,98.80000000000001
1420,1001452,1001432,89.80000000000001
1421,1001452,1001434,81.9
1422,1001452,1001436,77.9
1423,1001452,1001436,77.9
1424,1001452,1001438,68.9
1425,1001452,1001438,68.9
1426,1001452,1001440,58.9
1427,1001452,1001442,54.99999999999999
1428,1001452,1001488,50.49999999999999
1429,1001452,1004356,46.49999999999999
1430,1001452,1004354,44.49999999999999
1431,1001452,1004355,42.49999999999999
1432,1001452,1001444,41.8
1433,1001452,1001446,35.199999999999996
1434,1001452,1001448,25.6
1435,1001452,1001450,9.9
1436,1001452,1001454,11.3
1437,1001452,1001456,24.9
1438,1001452,1001458,33.8
1439,1001452,1001460,38.9
1440,1001452,1001460,38.9
1441,1001452,1001461,51.7
1442,1001452,1001462,56.800000000000004
1443,1001452,1001464,83.5
1444,1001452,1001466,92.0
1445,1001452,1001468,102.7
1446,1001452,1001470,113.3
1447,1001452,1001437,0.0
1448,1001454,1001400,326.3
1449,1001454,1001402,316.6
1450,1001454,1001404,296.4
1451,1001454,1001406,280.4
1452,1001454,1001408,258.7
1453,1001454,1001410,247.6
1454,1001454,1001412,231.99999999999997
1455,1001454,1001414,213.79999999999998
1456,1001454,1001416,200.59999999999997
1457,1001454,1001418,186.99999999999997
1458,1001454,1001420,174.10000000000002
1459,1001454,1001422,164.5
1460,1001454,1001424,153.10000000000002
1461,1001454,1001426,134.5
1462,1001454,1001428,118.7
1463,1001454,1001430,110.10000000000001
1464,1001454,1001432,101.10000000000001
1465,1001454,1001434,93.2
1466,1001454,1001436,89.2
1467,1001454,1001436,89.2
1468,1001454,1001438,80.2
1469,1001454,1001438,80.2
1470,1001454,1001440,70.2
1471,1001454,1001442,66.3
1472,1001454,1001488,61.8
1473,1001454,1004356,57.8
1474,1001454,1004354,55.8
1475,1001454,1004355,53.8
1476,1001454,1001444,53.099999999999994
1477,1001454,1001446,46.5
1478,1001454,1001448,36.900000000000006
1479,1001454,1001450,21.200000000000003
1480,1001454,1001452,11.3
1481,1001454,1001456,13.6
1482,1001454,1001458,22.5
1483,1001454,1001460,27.6
1484,1001454,1001460,27.6
1485,1001454,1001461,40.400000000000006
1486,1001454,1001462,45.50000000000001
1487,1001454,1001464,72.2
1488,1001454,1001466,80.7
1489,1001454,1001468,91.4
1490,1001454,1001470,102.0
1491,1001454,1001437,0.0
1492,1001456,1001400,339.90000000000003
1493,1001456,1001402,330.20000000000005
1494,1001456,1001404,310.0
1495,1001456,1001406,294.0
1496,1001456,1001408,272.3
1497,1001456,1001410,261.2
1498,1001456,1001412,245.59999999999997
1499,1001456,1001414,227.39999999999998
1500,1001456,1001416,214.19999999999996
1501,1001456,1001418,200.59999999999997
1502,1001456,1001420,187.70000000000002
1503,1001456,1001422,178.1
1504,1001456,1001424,166.70000000000002
1505,1001456,1001426,148.1
1506,1001456,1001428,132.3
1507,1001456,1001430,123.7
1508,1001456,1001432,114.7
1509,1001456,1001434,106.8
1510,1001456,1001436,102.8
1511,1001456,1001436,102.8
1512,1001456,1001438,93.8
1513,1001456,1001438,93.8
1514,1001456,1001440,83.8
1515,1001456,1001442,79.89999999999999
1516,1001456,1001488,75.39999999999999
1517,1001456,1004356,71.39999999999999
1518,1001456,1004354,69.39999999999999
1519,1001456,1004355,67.39999999999999
1520,1001456,1001444,66.69999999999999
1521,1001456,1001446,60.1
1522,1001456,1001448,50.50000000000001
1523,1001456,1001450,34.800000000000004
1524,1001456,1001452,24.9
1525,1001456,1001454,13.6
1526,1001456,1001458,8.9
1527,1001456,1001460,14.0
1528,1001456,1001460,14.0
1529,1001456,1001461,26.8
1530,1001456,1001462,31.9
1531,1001456,1001464,58.599999999999994
1532,1001456,1001466,67.1
1533,1001456,1001468,77.8
1534,1001456,1001470,88.39999999999999
1535,1001456,1001437,0.0
1536,1001458,1001400,348.8
1537,1001458,1001402,339.1
1538,1001458,1001404,318.9
1539,1001458,1001406,302.9
1540,1001458,1001408,281.2
1541,1001458,1001410,270.09999999999997
1542,1001458,1001412,254.49999999999997
1543,1001458,1001414,236.29999999999998
1544,1001458,1001416,223.09999999999997
1545,1001458,1001418,209.49999999999997
1546,1001458,1001420,196.60000000000002
1547,1001458,1001422,187.0
1548,1001458,1001424,175.60000000000002
1549,1001458,1001426,157.0
1550,1001458,1001428,141.20000000000002
1551,1001458,1001430,132.6
1552,1001458,1001432,123.60000000000001
1553,1001458,1001434,115.7
1554,1001458,1001436,111.7
1555,1001458,1001436,111.7
1556,1001458,1001438,102.7
1557,1001458,1001438,102.7
1558,1001458,1001440,92.7
1559,1001458,1001442,88.8
1560,1001458,1001488,84.3
1561,1001458,1004356,80.3
1562,1001458,1004354,78.3
1563,1001458,1004355,76.3
1564,1001458,1001444,75.6
1565,1001458,1001446,69.0
1566,1001458,1001448,59.400000000000006
1567,1001458,1001450,43.7
1568,1001458,1001452,33.8
1569,1001458,1001454,22.5
1570,1001458,1001456,8.9
1571,1001458,1001460,5.1
1572,1001458,1001460,5.1
1573,1001458,1001461,17.9
1574,1001458,1001462,23.0
1575,1001458,1001464,49.7
1576,1001458,1001466,58.2
1577,1001458,1001468,68.9
1578,1001458,1001470,79.5
1579,1001458,1001437,0.0
1580,1001460,1001400,353.90000000000003
1581,1001460,1001402,344.20000000000005
1582,1001460,1001404,324.0
1583,1001460,1001406,308.0
1584,1001460,1001408,286.3
1585,1001460,1001410,275.2
1586,1001460,1001412,259.59999999999997
1587,1001460,1001414,241.39999999999998
1588,1001460,1001416,228.19999999999996
1589,1001460,1001418,214.59999999999997
1590,1001460,1001420,201.70000000000002
1591,1001460,1001422,192.1
1592,1001460,1001424,180.70000000000002
1593,1001460,1001426,162.1
1594,1001460,1001428,146.3
1595,1001460,1001430,137.7
1596,1001460,1001432,128.70000000000002
1597,1001460,1001434,120.8
1598,1001460,1001436,116.8
1599,1001460,1001436,116.8
1600,1001460,1001438,107.8
1601,1001460,1001438,107.8
1602,1001460,1001440,97.8
1603,1001460,1001442,93.89999999999999
1604,1001460,1001488,89.39999999999999
1605,1001460,1004356,85.39999999999999
1606,1001460,1004354,83.39999999999999
1607,1001460,1004355,81.39999999999999
1608,1001460,1001444,80.69999999999999
1609,1001460,1001446,74.1
1610,1001460,1001448,64.5
1611,1001460,1001450,48.800000000000004
1612,1001460,1001452,38.9
1613,1001460,1001454,27.6
1614,1001460,1001456,14.0
1615,1001460,1001458,5.1
1616,1001460,1001461,12.8
1617,1001460,1001462,17.9
1618,1001460,1001464,44.599999999999994
1619,1001460,1001466,53.099999999999994
1620,1001460,1001468,63.8
1621,1001460,1001470,74.39999999999999
1622,1001460,1001437,0.0
1623,1001460,1001400,353.90000000000003
1624,1001460,1001402,344.20000000000005
1625,1001460,1001404,324.0
1626,1001460,1001406,308.0
1627,1001460,1001408,286.3
1628,1001460,1001410,275.2
1629,1001460,1001412,259.59999999999997
1630,1001460,1001414,241.39999999999998
1631,1001460,1001416,228.19999999999996
1632,1001460,1001418,214.59999999999997
1633,1001460,1001420,201.70000000000002
1634,1001460,1001422,192.1
1635,1001460,1001424,180.70000000000002
1636,1001460,1001426,162.1
1637,1001460,1001428,146.3
1638,1001460,1001430,137.7
1639,1001460,1001432,128.70000000000002
1640,1001460,1001434,120.8
1641,1001460,1001436,116.8
1642,1001460,1001436,116.8
1643,1001460,1001438,107.8
1644,1001460,1001438,107.8
1645,1001460,1001440,97.8
1646,1001460,1001442,93.89999999999999
1647,1001460,1001488,89.39999999999999
1648,1001460,1004356,85.39999999999999
1649,1001460,1004354,83.39999999999999
1650,1001460,1004355,81.39999999999999
1651,1001460,1001444,80.69999999999999
1652,1001460,1001446,74.1
1653,1001460,1001448,64.5
1654,1001460,1001450,48.800000000000004
1655,1001460,1001452,38.9
1656,1001460,1001454,27.6
1657,1001460,1001456,14.0
1658,1001460,1001458,5.1
1659,1001460,1001461,12.8
1660,1001460,1001462,17.9
1661,1001460,1001464,44.599999999999994
1662,1001460,1001466,53.099999999999994
1663,1001460,1001468,63.8
1664,1001460,1001470,74.39999999999999
1665,1001460,1001437,0.0
1666,1001461,1001400,366.70000000000005
1667,1001461,1001402,357.00000000000006
1668,1001461,1001404,336.8
1669,1001461,1001406,320.8
1670,1001461,1001408,299.1
1671,1001461,1001410,288.0
1672,1001461,1001412,272.4
1673,1001461,1001414,254.2
1674,1001461,1001416,240.99999999999997
1675,1001461,1001418,227.39999999999998
1676,1001461,1001420,214.50000000000003
1677,1001461,1001422,204.9
1678,1001461,1001424,193.50000000000003
1679,1001461,1001426,174.9
1680,1001461,1001428,159.10000000000002
1681,1001461,1001430,150.5
1682,1001461,1001432,141.50000000000003
1683,1001461,1001434,133.6
1684,1001461,1001436,129.6
1685,1001461,1001436,129.6
1686,1001461,1001438,120.6
1687,1001461,1001438,120.6
1688,1001461,1001440,110.6
1689,1001461,1001442,106.69999999999999
1690,1001461,1001488,102.19999999999999
1691,1001461,1004356,98.19999999999999
1692,1001461,1004354,96.19999999999999
1693,1001461,1004355,94.19999999999999
1694,1001461,1001444,93.49999999999999
1695,1001461,1001446,86.89999999999999
1696,1001461,1001448,77.3
1697,1001461,1001450,61.60000000000001
1698,1001461,1001452,51.7
1699,1001461,1001454,40.400000000000006
1700,1001461,1001456,26.8
1701,1001461,1001458,17.9
1702,1001461,1001460,12.8
1703,1001461,1001460,12.8
1704,1001461,1001462,5.1
1705,1001461,1001464,31.799999999999997
1706,1001461,1001466,40.3
1707,1001461,1001468,51.0
1708,1001461,1001470,61.6
1709,1001461,1001437,0.0
1710,1001462,1001400,371.80000000000007
1711,1001462,1001402,362.1000000000001
1712,1001462,1001404,341.90000000000003
1713,1001462,1001406,325.90000000000003
1714,1001462,1001408,304.20000000000005
1715,1001462,1001410,293.1
1716,1001462,1001412,277.5
1717,1001462,1001414,259.3
1718,1001462,1001416,246.09999999999997
1719,1001462,1001418,232.49999999999997
1720,1001462,1001420,219.60000000000002
1721,1001462,1001422,210.0
1722,1001462,1001424,198.60000000000002
1723,1001462,1001426,180.0
1724,1001462,1001428,164.20000000000002
1725,1001462,1001430,155.6
1726,1001462,1001432,146.60000000000002
1727,1001462,1001434,138.7
1728,1001462,1001436,134.7
1729,1001462,1001436,134.7
1730,1001462,1001438,125.69999999999999
1731,1001462,1001438,125.69999999999999
1732,1001462,1001440,115.69999999999999
1733,1001462,1001442,111.79999999999998
1734,1001462,1001488,107.29999999999998
1735,1001462,1004356,103.29999999999998
1736,1001462,1004354,101.29999999999998
1737,1001462,1004355,99.29999999999998
1738,1001462,1001444,98.59999999999998
1739,1001462,1001446,91.99999999999999
1740,1001462,1001448,82.39999999999999
1741,1001462,1001450,66.7
1742,1001462,1001452,56.800000000000004
1743,1001462,1001454,45.50000000000001
1744,1001462,1001456,31.9
1745,1001462,1001458,23.0
1746,1001462,1001460,17.9
1747,1001462,1001460,17.9
1748,1001462,1001461,5.1
1749,1001462,1001464,26.7
1750,1001462,1001466,35.2
1751,1001462,1001468,45.900000000000006
1752,1001462,1001470,56.50000000000001
1753,1001462,1001437,0.0
1754,1001464,1001400,398.50000000000006
1755,1001464,1001402,388.80000000000007
1756,1001464,1001404,368.6
1757,1001464,1001406,352.6
1758,1001464,1001408,330.90000000000003
1759,1001464,1001410,319.8
1760,1001464,1001412,304.2
1761,1001464,1001414,286.0
1762,1001464,1001416,272.79999999999995
1763,1001464,1001418,259.2
1764,1001464,1001420,246.3
1765,1001464,1001422,236.7
1766,1001464,1001424,225.3
1767,1001464,1001426,206.7
1768,1001464,1001428,190.9
1769,1001464,1001430,182.29999999999998
1770,1001464,1001432,173.3
1771,1001464,1001434,165.39999999999998
1772,1001464,1001436,161.39999999999998
1773,1001464,1001436,161.39999999999998
1774,1001464,1001438,152.39999999999998
1775,1001464,1001438,152.39999999999998
1776,1001464,1001440,142.39999999999998
1777,1001464,1001442,138.49999999999997
1778,1001464,1001488,133.99999999999997
1779,1001464,1004356,129.99999999999997
1780,1001464,1004354,127.99999999999999
1781,1001464,1004355,125.99999999999999
1782,1001464,1001444,125.29999999999998
1783,1001464,1001446,118.69999999999999
1784,1001464,1001448,109.1
1785,1001464,1001450,93.4
1786,1001464,1001452,83.5
1787,1001464,1001454,72.2
1788,1001464,1001456,58.599999999999994
1789,1001464,1001458,49.7
1790,1001464,1001460,44.599999999999994
1791,1001464,1001460,44.599999999999994
1792,1001464,1001461,31.799999999999997
1793,1001464,1001462,26.7
1794,1001464,1001466,8.5
1795,1001464,1001468,19.2
1796,1001464,1001470,29.799999999999997
1797,1001464,1001437,0.0
1798,1001466,1001400,407.00000000000006
1799,1001466,1001402,397.30000000000007
1800,1001466,1001404,377.1
1801,1001466,1001406,361.1
1802,1001466,1001408,339.40000000000003
1803,1001466,1001410,328.3
1804,1001466,1001412,312.7
1805,1001466,1001414,294.5
1806,1001466,1001416,281.29999999999995
1807,1001466,1001418,267.7
1808,1001466,1001420,254.8
1809,1001466,1001422,245.2
1810,1001466,1001424,233.8
1811,1001466,1001426,215.2
1812,1001466,1001428,199.4
1813,1001466,1001430,190.79999999999998
1814,1001466,1001432,181.8
1815,1001466,1001434,173.89999999999998
1816,1001466,1001436,169.89999999999998
1817,1001466,1001436,169.89999999999998
1818,1001466,1001438,160.89999999999998
1819,1001466,1001438,160.89999999999998
1820,1001466,1001440,150.89999999999998
1821,1001466,1001442,146.99999999999997
1822,1001466,1001488,142.49999999999997
1823,1001466,1004356,138.49999999999997
1824,1001466,1004354,136.5
1825,1001466,1004355,134.5
1826,1001466,1001444,133.79999999999998
1827,1001466,1001446,127.19999999999999
1828,1001466,1001448,117.6
1829,1001466,1001450,101.9
1830,1001466,1001452,92.0
1831,1001466,1001454,80.7
1832,1001466,1001456,67.1
1833,1001466,1001458,58.2
1834,1001466,1001460,53.099999999999994
1835,1001466,1001460,53.099999999999994
1836,1001466,1001461,40.3
1837,1001466,1001462,35.2
1838,1001466,1001464,8.5
1839,1001466,1001468,10.7
1840,1001466,1001470,21.299999999999997
1841,1001466,1001437,0.0
1842,1001468,1001400,417.70000000000005
1843,1001468,1001402,408.00000000000006
1844,1001468,1001404,387.8
1845,1001468,1001406,371.8
1846,1001468,1001408,350.1
1847,1001468,1001410,339.0
1848,1001468,1001412,323.4
1849,1001468,1001414,305.2
1850,1001468,1001416,291.99999999999994
1851,1001468,1001418,278.4
1852,1001468,1001420,265.5
1853,1001468,1001422,255.89999999999998
1854,1001468,1001424,244.5
1855,1001468,1001426,225.89999999999998
1856,1001468,1001428,210.1
1857,1001468,1001430,201.49999999999997
1858,1001468,1001432,192.5
1859,1001468,1001434,184.59999999999997
1860,1001468,1001436,180.59999999999997
1861,1001468,1001436,180.59999999999997
1862,1001468,1001438,171.59999999999997
1863,1001468,1001438,171.59999999999997
1864,1001468,1001440,161.59999999999997
1865,1001468,1001442,157.69999999999996
1866,1001468,1001488,153.19999999999996
1867,1001468,1004356,149.19999999999996
1868,1001468,1004354,147.2
1869,1001468,1004355,145.2
1870,1001468,1001444,144.49999999999997
1871,1001468,1001446,137.89999999999998
1872,1001468,1001448,128.29999999999998
1873,1001468,1001450,112.60000000000001
1874,1001468,1001452,102.7
1875,1001468,1001454,91.4
1876,1001468,1001456,77.8
1877,1001468,1001458,68.9
1878,1001468,1001460,63.8
1879,1001468,1001460,63.8
1880,1001468,1001461,51.0
1881,1001468,1001462,45.900000000000006
1882,1001468,1001464,19.2
1883,1001468,1001466,10.7
1884,1001468,1001470,10.6
1885,1001468,1001437,0.0
1886,1001470,1001400,428.30000000000007
1887,1001470,1001402,418.6000000000001
1888,1001470,1001404,398.40000000000003
1889,1001470,1001406,382.40000000000003
1890,1001470,1001408,360.70000000000005
1891,1001470,1001410,349.6
1892,1001470,1001412,334.0
1893,1001470,1001414,315.8
1894,1001470,1001416,302.59999999999997
1895,1001470,1001418,289.0
1896,1001470,1001420,276.1
1897,1001470,1001422,266.5
1898,1001470,1001424,255.1
1899,1001470,1001426,236.49999999999997
1900,1001470,1001428,220.7
1901,1001470,1001430,212.09999999999997
1902,1001470,1001432,203.1
1903,1001470,1001434,195.19999999999996
1904,1001470,1001436,191.19999999999996
1905,1001470,1001436,191.19999999999996
1906,1001470,1001438,182.19999999999996
1907,1001470,1001438,182.19999999999996
1908,1001470,1001440,172.19999999999996
1909,1001470,1001442,168.29999999999995
1910,1001470,1001488,163.79999999999995
1911,1001470,1004356,159.79999999999995
1912,1001470,1004354,157.79999999999998
1913,1001470,1004355,155.79999999999998
1914,1001470,1001444,155.09999999999997
1915,1001470,1001446,148.49999999999997
1916,1001470,1001448,138.89999999999998
1917,1001470,1001450,123.2
1918,1001470,1001452,113.3
1919,1001470,1001454,102.0
1920,1001470,1001456,88.39999999999999
1921,1001470,1001458,79.5
1922,1001470,1001460,74.39999999999999
1923,1001470,1001460,74.39999999999999
1924,1001470,1001461,61.6
1925,1001470,1001462,56.50000000000001
1926,1001470,1001464,29.799999999999997
1927,1001470,1001466,21.299999999999997
1928,1001470,1001468,10.6
1929,1001470,1001437,0.0
1930,1001437,1001400,0.0
1931,1001437,1001402,0.0
1932,1001437,1001404,0.0
1933,1001437,1001406,0.0
1934,1001437,1001408,0.0
1935,1001437,1001410,0.0
1936,1001437,1001412,0.0
1937,1001437,1001414,0.0
1938,1001437,1001416,0.0
1939,1001437,1001418,0.0
1940,1001437,1001420,0.0
1941,1001437,1001422,0.0
1942,1001437,1001424,0.0
1943,1001437,1001426,0.0
1944,1001437,1001428,0.0
1945,1001437,1001430,0.0
1946,1001437,1001432,0.0
1947,1001437,1001434,0.0
1948,1001437,1001436,5.0
1949,1001437,1001436,5.0
1950,1001437,1001438,4.0
1951,1001437,1001438,4.0
1952,1001437,1001440,0.0
1953,1001437,1001442,0.0
1954,1001437,1001488,0.0
1955,1001437,1004356,0.0
1956,1001437,1004354,0.0
1957,1001437,1004355,0.0
1958,1001437,1001444,0.0
1959,1001437,1001446,0.0
1960,1001437,1001448,0.0
1961,1001437,1001450,0.0
1962,1001437,1001452,0.0
1963,1001437,1001454,0.0
1964,1001437,1001456,0.0
1965,1001437,1001458,0.0
1966,1001437,1001460,0.0
1967,1001437,1001460,0.0
1968,1001437,1001461,0.0
1969,1001437,1001462,0.0
1970,1001437,1001464,0.0
1971,1001437,1001466,0.0
1972,1001437,1001468,0.0
1973,1001437,1001470,0.0
